"id","canton_id:id","code","name"
"parish_010101","canton_0101","010101","BELLAVISTA"
"parish_010102","canton_0101","010102","CAÑARIBAMBA"
"parish_010103","canton_0101","010103","EL BATAN"
"parish_010104","canton_0101","010104","EL SAGRARIO"
"parish_010105","canton_0101","010105","EL VECINO"
"parish_010106","canton_0101","010106","GIL RAMIREZ DAVALOS"
"parish_010107","canton_0101","010107","HUAYNACAPAC"
"parish_010108","canton_0101","010108","MACHANGARA"
"parish_010109","canton_0101","010109","MONAY"
"parish_010110","canton_0101","010110","SAN BLAS"
"parish_010111","canton_0101","010111","SAN SEBASTIAN"
"parish_010112","canton_0101","010112","SUCRE"
"parish_010113","canton_0101","010113","TOTORACOCHA"
"parish_010114","canton_0101","010114","YANUNCAY"
"parish_010115","canton_0101","010115","HERMANO MIGUEL"
"parish_010150","canton_0101","010150","CUENCA"
"parish_010151","canton_0101","010151","BAÑOS"
"parish_010152","canton_0101","010152","CUMBE"
"parish_010153","canton_0101","010153","CHAUCHA"
"parish_010154","canton_0101","010154","CHECA (JIDCAY)"
"parish_010155","canton_0101","010155","CHIQUINTAD"
"parish_010156","canton_0101","010156","LLACAO"
"parish_010157","canton_0101","010157","MOLLETURO"
"parish_010158","canton_0101","010158","NULTI"
"parish_010159","canton_0101","010159","OCTAVIO CORDERO PALACIOS (SANTA ROSA)"
"parish_010160","canton_0101","010160","PACCHA"
"parish_010161","canton_0101","010161","QUINGEO"
"parish_010162","canton_0101","010162","RICAURTE"
"parish_010163","canton_0101","010163","SAN JOAQUIN"
"parish_010164","canton_0101","010164","SANTA ANA"
"parish_010165","canton_0101","010165","SAYAUSI"
"parish_010166","canton_0101","010166","SIDCAY"
"parish_010167","canton_0101","010167","SININCAY"
"parish_010168","canton_0101","010168","TARQUI"
"parish_010169","canton_0101","010169","TURI"
"parish_010170","canton_0101","010170","VALLE"
"parish_010171","canton_0101","010171","VICTORIA DEL PORTETE (IRQUIS)"
"parish_010250","canton_0102","010250","GIRON"
"parish_010251","canton_0102","010251","ASUNCION"
"parish_010252","canton_0102","010252","SAN GERARDO"
"parish_010350","canton_0103","010350","GUALACEO"
"parish_010352","canton_0103","010352","DANIEL CORDOVA TORAL (EL ORIENTE)"
"parish_010353","canton_0103","010353","JADAN"
"parish_010354","canton_0103","010354","MARIANO MORENO"
"parish_010356","canton_0103","010356","REMIGIO CRESPO TORAL (GULAG)"
"parish_010357","canton_0103","010357","SAN JUAN"
"parish_010358","canton_0103","010358","ZHIDMAD"
"parish_010359","canton_0103","010359","LUIS CORDERO VEGA"
"parish_010360","canton_0103","010360","SIMÓN BOLÍVAR (CAB. EN GAÑANZOL)"
"parish_010450","canton_0104","010450","NABON"
"parish_010451","canton_0104","010451","COCHAPATA"
"parish_010452","canton_0104","010452","EL PROGRESO"
"parish_010453","canton_0104","010453","LAS NIEVES (CHAYA)"
"parish_010455","canton_0104","010455","LA PAZ"
"parish_010550","canton_0105","010550","PAUTE"
"parish_010552","canton_0105","010552","BULAN (JOSE VICTOR IZQUIERDO)"
"parish_010553","canton_0105","010553","CHICAN (GUILLERMO ORTEGA)"
"parish_010554","canton_0105","010554","EL CABO"
"parish_010556","canton_0105","010556","GUARAINAG"
"parish_010559","canton_0105","010559","SAN CRISTOBAL (CARLOS ORDOÑEZ LAZO)"
"parish_010561","canton_0105","010561","TOMEBAMBA"
"parish_010562","canton_0105","010562","DUG-DUG"
"parish_010650","canton_0106","010650","PUCARA"
"parish_010652","canton_0106","010652","SAN RAFAEL DE SHARUG"
"parish_010750","canton_0107","010750","SAN FERNANDO"
"parish_010751","canton_0107","010751","CHUMBLIN"
"parish_010850","canton_0108","010850","SANTA ISABEL (CHAGUARURCO)"
"parish_010851","canton_0108","010851","ABDON CALDERON (LA UNION)"
"parish_010852","canton_0108","010852","EL CARMEN DE PIJILI"
"parish_010853","canton_0108","010853","ZHAGLLI (SHAGLLI)"
"parish_010950","canton_0109","010950","SIGSIG"
"parish_010951","canton_0109","010951","CUCHIL (CUTCHIL)"
"parish_010952","canton_0109","010952","GIMA"
"parish_010953","canton_0109","010953","GUEL"
"parish_010954","canton_0109","010954","LUDO"
"parish_010955","canton_0109","010955","SAN BARTOLOME"
"parish_010956","canton_0109","010956","SAN JOSE DE RARANGA"
"parish_011050","canton_0110","011050","SAN FELIPE DE OÑA"
"parish_011051","canton_0110","011051","SUSUDEL"
"parish_011150","canton_0111","011150","CHORDELEG"
"parish_011151","canton_0111","011151","PRINCIPAL"
"parish_011152","canton_0111","011152","LA UNION"
"parish_011153","canton_0111","011153","LUIS GALARZA ORELLANA"
"parish_011154","canton_0111","011154","SAN MARTIN DE PUZHIO"
"parish_011250","canton_0112","011250","EL PAN"
"parish_011253","canton_0112","011253","SAN VICENTE"
"parish_011350","canton_0113","011350","SEVILLA DE ORO"
"parish_011351","canton_0113","011351","AMALUZA"
"parish_011352","canton_0113","011352","PALMAS"
"parish_011450","canton_0114","011450","GUACHAPALA"
"parish_011550","canton_0115","011550","CAMILO PONCE ENRIQUEZ"
"parish_011551","canton_0115","011551","EL CARMEN DE PIJILI"
"parish_020101","canton_0201","020101","ANGEL POLIBIO CHAVEZ"
"parish_020102","canton_0201","020102","GABRIEL IGNACIO VEINTIMILLA"
"parish_020103","canton_0201","020103","GUANUJO"
"parish_020150","canton_0201","020150","GUARANDA"
"parish_020151","canton_0201","020151","FACUNDO VELA"
"parish_020153","canton_0201","020153","JULIO E. MORENO (CATAHUAN GRANDE)"
"parish_020155","canton_0201","020155","SALINAS"
"parish_020156","canton_0201","020156","SAN LORENZO"
"parish_020157","canton_0201","020157","SAN SIMON (YACOTO)"
"parish_020158","canton_0201","020158","SANTAFE (SANTA FE)"
"parish_020159","canton_0201","020159","SIMIATUG"
"parish_020160","canton_0201","020160","SAN LUIS DE PAMBIL"
"parish_020250","canton_0202","020250","CHILLANES"
"parish_020251","canton_0202","020251","SAN JOSE DEL TAMBO (TAMBOPAMBA)"
"parish_020350","canton_0203","020350","SAN JOSE DE CHIMBO"
"parish_020351","canton_0203","020351","ASUNCION (ASANCOTO)"
"parish_020353","canton_0203","020353","MAGDALENA (CHAPACOTO)"
"parish_020354","canton_0203","020354","SAN SEBASTIAN"
"parish_020355","canton_0203","020355","TELIMBELA"
"parish_020450","canton_0204","020450","ECHEANDIA"
"parish_020550","canton_0205","020550","SAN MIGUEL"
"parish_020551","canton_0205","020551","BALSAPAMBA"
"parish_020552","canton_0205","020552","BILOVAN"
"parish_020553","canton_0205","020553","REGULO DE MORA"
"parish_020554","canton_0205","020554","SAN PABLO (SAN PABLO DE ATENAS)"
"parish_020555","canton_0205","020555","SANTIAGO"
"parish_020556","canton_0205","020556","SAN VICENTE"
"parish_020650","canton_0206","020650","CALUMA"
"parish_020701","canton_0207","020701","LAS MERCEDES"
"parish_020702","canton_0207","020702","LAS NAVES"
"parish_020750","canton_0207","020750","LAS NAVES"
"parish_030101","canton_0301","030101","AURELIO BAYAS MARTINEZ"
"parish_030102","canton_0301","030102","AZOGUES"
"parish_030103","canton_0301","030103","BORRERO"
"parish_030104","canton_0301","030104","SAN FRANCISCO"
"parish_030150","canton_0301","030150","AZOGUES"
"parish_030151","canton_0301","030151","COJITAMBO"
"parish_030153","canton_0301","030153","GUAPAN"
"parish_030154","canton_0301","030154","JAVIER LOYOLA (CHUQUIPATA)"
"parish_030155","canton_0301","030155","LUIS CORDERO"
"parish_030156","canton_0301","030156","PINDILIG"
"parish_030157","canton_0301","030157","RIVERA"
"parish_030158","canton_0301","030158","SAN MIGUEL"
"parish_030160","canton_0301","030160","TADAY"
"parish_030250","canton_0302","030250","BIBLIAN"
"parish_030251","canton_0302","030251","NAZON"
"parish_030252","canton_0302","030252","SAN FRANCISCO DE SAGEO"
"parish_030253","canton_0302","030253","TURUPAMBA"
"parish_030254","canton_0302","030254","JERUSALEN"
"parish_030350","canton_0303","030350","CAÑAR"
"parish_030351","canton_0303","030351","CHONTAMARCA"
"parish_030352","canton_0303","030352","CHOROCOPTE"
"parish_030353","canton_0303","030353","GENERAL MORALES (SOCARTE)"
"parish_030354","canton_0303","030354","GUALLETURO"
"parish_030355","canton_0303","030355","HONORATO VASQUEZ (TAMBO VIEJO)"
"parish_030356","canton_0303","030356","INGAPIRCA"
"parish_030357","canton_0303","030357","JUNCAL"
"parish_030358","canton_0303","030358","SAN ANTONIO"
"parish_030361","canton_0303","030361","ZHUD"
"parish_030362","canton_0303","030362","VENTURA"
"parish_030363","canton_0303","030363","DUCUR"
"parish_030450","canton_0304","030450","LA TRONCAL"
"parish_030451","canton_0304","030451","MANUEL J. CALLE"
"parish_030452","canton_0304","030452","PANCHO NEGRO"
"parish_030550","canton_0305","030550","EL TAMBO"
"parish_030650","canton_0306","030650","DELEG"
"parish_030651","canton_0306","030651","SOLANO"
"parish_030750","canton_0307","030750","SUSCAL"
"parish_040101","canton_0401","040101","GONZALES SUAREZ"
"parish_040102","canton_0401","040102","TULCAN"
"parish_040150","canton_0401","040150","TULCAN"
"parish_040151","canton_0401","040151","EL CARMELO (EL PUN)"
"parish_040153","canton_0401","040153","JULIO ANDRADE (OREJUELA)"
"parish_040154","canton_0401","040154","MALDONADO"
"parish_040155","canton_0401","040155","PIOTER"
"parish_040156","canton_0401","040156","TOBAR DONOSO (LA BOCANA DE CAMUMBI)"
"parish_040157","canton_0401","040157","TUFIÑO"
"parish_040158","canton_0401","040158","URBINA (TAYA)"
"parish_040159","canton_0401","040159","EL CHICAL"
"parish_040161","canton_0401","040161","SANTA MARTHA DE CUBA"
"parish_040250","canton_0402","040250","BOLIVAR"
"parish_040251","canton_0402","040251","GARCIA MORENO"
"parish_040252","canton_0402","040252","LOS ANDES"
"parish_040253","canton_0402","040253","MONTE OLIVO"
"parish_040254","canton_0402","040254","SAN VICENTE DE PUSIR"
"parish_040255","canton_0402","040255","SAN RAFAEL"
"parish_040301","canton_0403","040301","EL ANGEL"
"parish_040302","canton_0403","040302","27 DE SEPTIEMBRE"
"parish_040350","canton_0403","040350","EL ANGEL"
"parish_040351","canton_0403","040351","EL GOALTAL"
"parish_040352","canton_0403","040352","LA LIBERTAD (ALIZO)"
"parish_040353","canton_0403","040353","SAN ISIDRO"
"parish_040450","canton_0404","040450","MIRA (CHONTAHUASI)"
"parish_040451","canton_0404","040451","CONCEPCION"
"parish_040452","canton_0404","040452","JIJON Y CAAMAÑO"
"parish_040453","canton_0404","040453","JUAN MONTALVO"
"parish_040501","canton_0405","040501","GONZALEZ SUAREZ"
"parish_040502","canton_0405","040502","SAN JOSE"
"parish_040550","canton_0405","040550","SAN GABRIEL"
"parish_040551","canton_0405","040551","CRISTOBAL COLON"
"parish_040552","canton_0405","040552","CHITAN DE NAVARRETE"
"parish_040553","canton_0405","040553","FERNANDEZ SALVADOR"
"parish_040554","canton_0405","040554","LA PAZ"
"parish_040555","canton_0405","040555","PIARTAL"
"parish_040650","canton_0406","040650","HUACA"
"parish_040651","canton_0406","040651","MARISCAL SUCRE"
"parish_050101","canton_0501","050101","ELOY ALFARO (SAN FELIPE)"
"parish_050102","canton_0501","050102","IGNACIO FLORES (PARQUE FLORES)"
"parish_050103","canton_0501","050103","JUAN MONTALVO (SAN SEBASTIAN)"
"parish_050104","canton_0501","050104","LA MATRIZ"
"parish_050105","canton_0501","050105","SAN BUENAVENTURA"
"parish_050150","canton_0501","050150","LATACUNGA"
"parish_050151","canton_0501","050151","ALAQUES (ALAQUEZ)"
"parish_050152","canton_0501","050152","BELISARIO QUEVEDO (GUANAILIN)"
"parish_050153","canton_0501","050153","GUAITACAMA (GUAYTACAMA)"
"parish_050154","canton_0501","050154","JOSEGUANGO BAJO"
"parish_050156","canton_0501","050156","MULALO"
"parish_050157","canton_0501","050157","11 DE NOVIEMBRE (ILINCHISI)"
"parish_050158","canton_0501","050158","POALO"
"parish_050159","canton_0501","050159","SAN JUAN DE PASTOCALLE"
"parish_050161","canton_0501","050161","TANICUCHI"
"parish_050162","canton_0501","050162","TOACASO"
"parish_050202","canton_0502","050202","EL CARMEN"
"parish_050250","canton_0502","050250","LA MANA"
"parish_050251","canton_0502","050251","GUASAGANDA"
"parish_050252","canton_0502","050252","PUCAYACU"
"parish_050350","canton_0503","050350","EL CORAZON"
"parish_050351","canton_0503","050351","MORASPUNGO"
"parish_050352","canton_0503","050352","PINLLOPATA"
"parish_050353","canton_0503","050353","RAMON CAMPAÑA"
"parish_050450","canton_0504","050450","PUJILI"
"parish_050451","canton_0504","050451","ANGAMARCA"
"parish_050453","canton_0504","050453","GUANGAJE"
"parish_050455","canton_0504","050455","LA VICTORIA"
"parish_050456","canton_0504","050456","PILALO"
"parish_050457","canton_0504","050457","TINGO"
"parish_050458","canton_0504","050458","ZUMBAHUA"
"parish_050550","canton_0505","050550","SAN MIGUEL"
"parish_050551","canton_0505","050551","ANTONIO JOSE HOLGUIN (SANTA LUCIA)"
"parish_050552","canton_0505","050552","CUSUBAMBA"
"parish_050553","canton_0505","050553","MULALILLO"
"parish_050554","canton_0505","050554","MULLIQUINDIL (SANTA ANA)"
"parish_050555","canton_0505","050555","PANSALEO"
"parish_050650","canton_0506","050650","SAQUISILI"
"parish_050651","canton_0506","050651","CANCHAGUA"
"parish_050652","canton_0506","050652","CHANTILIN"
"parish_050653","canton_0506","050653","COCHAPAMBA"
"parish_050750","canton_0507","050750","SIGCHOS"
"parish_050751","canton_0507","050751","CHUGCHILAN"
"parish_050752","canton_0507","050752","ISINLIVI"
"parish_050753","canton_0507","050753","LAS PAMPAS"
"parish_050754","canton_0507","050754","PALO QUEMADO"
"parish_060101","canton_0601","060101","LIZARZABURU"
"parish_060102","canton_0601","060102","MALDONADO"
"parish_060103","canton_0601","060103","VELASCO"
"parish_060104","canton_0601","060104","VELOZ"
"parish_060105","canton_0601","060105","YARUQUIES"
"parish_060106","canton_0601","060106","LICAN"
"parish_060150","canton_0601","060150","RIOBAMBA"
"parish_060151","canton_0601","060151","CACHA"
"parish_060152","canton_0601","060152","CALPI"
"parish_060153","canton_0601","060153","CUBIJIES"
"parish_060154","canton_0601","060154","FLORES"
"parish_060156","canton_0601","060156","LICTO"
"parish_060157","canton_0601","060157","PUNGALA"
"parish_060158","canton_0601","060158","PUNIN"
"parish_060159","canton_0601","060159","QUIMIAG"
"parish_060160","canton_0601","060160","SAN JUAN"
"parish_060161","canton_0601","060161","SAN LUIS"
"parish_060250","canton_0602","060250","ALAUSI"
"parish_060251","canton_0602","060251","ACHUPALLAS"
"parish_060253","canton_0602","060253","GUASUNTOS"
"parish_060254","canton_0602","060254","HUIGRA"
"parish_060255","canton_0602","060255","MULTITUD"
"parish_060256","canton_0602","060256","PISTISHI (NARIZ DEL DIABLO)"
"parish_060257","canton_0602","060257","PUMALLACTA (PUMA-LACTA)"
"parish_060258","canton_0602","060258","SEVILLA"
"parish_060259","canton_0602","060259","SIBAMBE"
"parish_060260","canton_0602","060260","TIXAN"
"parish_060301","canton_0603","060301","CAJABAMBA"
"parish_060302","canton_0603","060302","SICALPA"
"parish_060350","canton_0603","060350","VILLA LA UNION (CAJABAMBA)"
"parish_060351","canton_0603","060351","CAÑI"
"parish_060352","canton_0603","060352","COLUMBE"
"parish_060353","canton_0603","060353","JUAN DE VELASCO (PANGOR)"
"parish_060354","canton_0603","060354","SANTIAGO DE QUITO"
"parish_060450","canton_0604","060450","CHAMBO"
"parish_060550","canton_0605","060550","CHUNCHI"
"parish_060551","canton_0605","060551","CAPZOL"
"parish_060552","canton_0605","060552","COMPUD"
"parish_060553","canton_0605","060553","GONZOL"
"parish_060554","canton_0605","060554","LLAGOS"
"parish_060650","canton_0606","060650","GUAMOTE"
"parish_060651","canton_0606","060651","CEBADAS"
"parish_060652","canton_0606","060652","PALMIRA"
"parish_060701","canton_0607","060701","EL ROSARIO"
"parish_060702","canton_0607","060702","LA MATRIZ"
"parish_060750","canton_0607","060750","GUANO"
"parish_060751","canton_0607","060751","GUANANDO"
"parish_060752","canton_0607","060752","ILAPO"
"parish_060753","canton_0607","060753","LA PROVIDENCIA"
"parish_060754","canton_0607","060754","SAN ANDRES"
"parish_060755","canton_0607","060755","SAN GERARDO DE PACAICAGUAN"
"parish_060756","canton_0607","060756","SAN ISIDRO DE PATULU"
"parish_060757","canton_0607","060757","SAN JOSE DEL CHAZO"
"parish_060758","canton_0607","060758","SANTA FE DE GALAN"
"parish_060759","canton_0607","060759","VALPARAISO"
"parish_060850","canton_0608","060850","PALLATANGA"
"parish_060950","canton_0609","060950","PENIPE"
"parish_060951","canton_0609","060951","EL ALTAR"
"parish_060952","canton_0609","060952","MATUS"
"parish_060953","canton_0609","060953","PUELA"
"parish_060954","canton_0609","060954","SAN ANTONIO DE BAYUSHIG"
"parish_060955","canton_0609","060955","LA CANDELARIA"
"parish_060956","canton_0609","060956","BILBAO"
"parish_061050","canton_0610","061050","CUMANDA"
"parish_070101","canton_0701","070101","LA PROVIDENCIA"
"parish_070102","canton_0701","070102","MACHALA"
"parish_070103","canton_0701","070103","PUERTO BOLIVAR"
"parish_070104","canton_0701","070104","NUEVE DE MAYO"
"parish_070105","canton_0701","070105","EL CAMBIO"
"parish_070150","canton_0701","070150","MACHALA"
"parish_070152","canton_0701","070152","EL RETIRO"
"parish_070221","canton_0702","070221","CHACRAS"
"parish_070250","canton_0702","070250","ARENILLAS"
"parish_070254","canton_0702","070254","PALMALES"
"parish_070255","canton_0702","070255","CARCABON"
"parish_070350","canton_0703","070350","PACCHA"
"parish_070351","canton_0703","070351","AYAPAMBA"
"parish_070352","canton_0703","070352","CORDONCILLO"
"parish_070353","canton_0703","070353","MILAGRO"
"parish_070354","canton_0703","070354","SAN JOSE"
"parish_070355","canton_0703","070355","SAN JUAN DE CERRO AZUL"
"parish_070450","canton_0704","070450","BALSAS"
"parish_070451","canton_0704","070451","BELLAMARIA"
"parish_070550","canton_0705","070550","CHILLA"
"parish_070650","canton_0706","070650","EL GUABO"
"parish_070651","canton_0706","070651","BARBONES (SUCRE)"
"parish_070652","canton_0706","070652","LA IBERIA"
"parish_070653","canton_0706","070653","TENDALES (CAB. EN PUERTO)"
"parish_070654","canton_0706","070654","RIO BONITO"
"parish_070701","canton_0707","070701","ECUADOR"
"parish_070702","canton_0707","070702","EL PARAISO"
"parish_070703","canton_0707","070703","HUALTACO"
"parish_070704","canton_0707","070704","MILTON REYES"
"parish_070705","canton_0707","070705","UNION LOJANA"
"parish_070750","canton_0707","070750","HUAQUILLAS"
"parish_070850","canton_0708","070850","MARCABELI"
"parish_070851","canton_0708","070851","EL INGENIO"
"parish_070901","canton_0709","070901","BOLIVAR"
"parish_070902","canton_0709","070902","LOMA DE FRANCO"
"parish_070903","canton_0709","070903","OCHOA LEON (MATRIZ)"
"parish_070904","canton_0709","070904","TRES CERRITOS"
"parish_070950","canton_0709","070950","PASAJE"
"parish_070951","canton_0709","070951","BUENAVISTA"
"parish_070952","canton_0709","070952","CASACAY"
"parish_070953","canton_0709","070953","LA PEAÑA"
"parish_070954","canton_0709","070954","PROGRESO"
"parish_070955","canton_0709","070955","UZHCURRUMI"
"parish_070956","canton_0709","070956","CAÑAQUEMADA"
"parish_071001","canton_0710","071001","LA MATRIZ"
"parish_071002","canton_0710","071002","LA SUSAYA"
"parish_071003","canton_0710","071003","PIÑAS GRANDE"
"parish_071050","canton_0710","071050","PIÑAS"
"parish_071051","canton_0710","071051","CAPIRO"
"parish_071052","canton_0710","071052","LA BOCANA"
"parish_071053","canton_0710","071053","MOROMORO (CAB. EN EL VADO)"
"parish_071054","canton_0710","071054","PIEDRAS"
"parish_071055","canton_0710","071055","SAN ROQUE (AMBROSIO MALDONADO)"
"parish_071056","canton_0710","071056","SARACAY"
"parish_071150","canton_0711","071150","PORTOVELO"
"parish_071151","canton_0711","071151","CURTINCAPA"
"parish_071152","canton_0711","071152","MORALES"
"parish_071153","canton_0711","071153","SALATI"
"parish_071201","canton_0712","071201","SANTA ROSA"
"parish_071202","canton_0712","071202","JELI"
"parish_071203","canton_0712","071203","JAMBELÍ (SATÉLITE)"
"parish_071204","canton_0712","071204","JUMÓN (SATÉLITE)"
"parish_071250","canton_0712","071250","SANTA ROSA"
"parish_071251","canton_0712","071251","BELLAVISTA"
"parish_071252","canton_0712","071252","JAMBELI"
"parish_071253","canton_0712","071253","LA AVANZADA"
"parish_071254","canton_0712","071254","SAN ANTONIO"
"parish_071255","canton_0712","071255","TORATA"
"parish_071256","canton_0712","071256","VICTORIA"
"parish_071257","canton_0712","071257","BELLAMARIA"
"parish_071350","canton_0713","071350","ZARUMA"
"parish_071351","canton_0713","071351","ABAÑIN"
"parish_071352","canton_0713","071352","ARCAPAMBA"
"parish_071353","canton_0713","071353","GUANAZAN"
"parish_071354","canton_0713","071354","GUIZHAGUIÑA"
"parish_071355","canton_0713","071355","HUERTAS"
"parish_071356","canton_0713","071356","MALVAS"
"parish_071357","canton_0713","071357","MULUNCAY GRANDE"
"parish_071358","canton_0713","071358","SINSAO"
"parish_071359","canton_0713","071359","SALVIAS"
"parish_071401","canton_0714","071401","LA VICTORIA"
"parish_071402","canton_0714","071402","PLATANILLOS"
"parish_071403","canton_0714","071403","VALLE HERMOSO"
"parish_071450","canton_0714","071450","LA VICTORIA"
"parish_071451","canton_0714","071451","LA LIBERTAD"
"parish_071452","canton_0714","071452","EL PARAISO"
"parish_071453","canton_0714","071453","SAN ISIDRO"
"parish_080101","canton_0801","080101","BARTOLOME RUIZ (CESAR FRANCO CARRION)"
"parish_080102","canton_0801","080102","5 DE AGOSTO"
"parish_080103","canton_0801","080103","ESMERALDAS"
"parish_080104","canton_0801","080104","LUIS TELLO (LAS PALMAS)"
"parish_080105","canton_0801","080105","SIMÓN PLATA TORRES"
"parish_080150","canton_0801","080150","ESMERALDAS"
"parish_080152","canton_0801","080152","CAMARONES"
"parish_080153","canton_0801","080153","CRNEL. CARLOS CONCHA TORRES"
"parish_080154","canton_0801","080154","CHINCA"
"parish_080159","canton_0801","080159","MAJUA"
"parish_080163","canton_0801","080163","SAN MATEO"
"parish_080165","canton_0801","080165","TABIAZO"
"parish_080166","canton_0801","080166","TACHINA"
"parish_080168","canton_0801","080168","VUELTA LARGA"
"parish_080250","canton_0802","080250","VALDEZ (LIMONES)"
"parish_080251","canton_0802","080251","ANCHAYACU"
"parish_080252","canton_0802","080252","ATAHUALPA"
"parish_080253","canton_0802","080253","BORBON"
"parish_080254","canton_0802","080254","LA TOLA"
"parish_080255","canton_0802","080255","LUIS VARGAS TORRES"
"parish_080256","canton_0802","080256","MALDONADO"
"parish_080257","canton_0802","080257","PAMPANAL DE BOLIVAR"
"parish_080258","canton_0802","080258","SAN FRANCISCO DE ONZOLE"
"parish_080259","canton_0802","080259","SANTO DOMINGO DE ONZOLE"
"parish_080260","canton_0802","080260","SELVA ALEGRE"
"parish_080261","canton_0802","080261","TELEMBI"
"parish_080262","canton_0802","080262","COLON ELOY DEL MARIA"
"parish_080263","canton_0802","080263","SAN JOSE DE CAYAPAS"
"parish_080264","canton_0802","080264","TIMBIRE"
"parish_080350","canton_0803","080350","MUISNE"
"parish_080351","canton_0803","080351","BOLIVAR"
"parish_080352","canton_0803","080352","DAULE"
"parish_080353","canton_0803","080353","GALERA"
"parish_080354","canton_0803","080354","QUINGUE (OLMEDO PERDOMO FRANCO)"
"parish_080355","canton_0803","080355","SALIMA"
"parish_080356","canton_0803","080356","SAN FRANCISCO"
"parish_080357","canton_0803","080357","SAN GREGORIO"
"parish_080358","canton_0803","080358","SAN JOSE DE CHAMANGA"
"parish_080450","canton_0804","080450","ROSA ZARATE (QUININDE)"
"parish_080451","canton_0804","080451","CUBE"
"parish_080452","canton_0804","080452","CHURA (CHANCAMA)"
"parish_080453","canton_0804","080453","MALIMPIA"
"parish_080454","canton_0804","080454","VICHE"
"parish_080455","canton_0804","080455","LA UNION"
"parish_080550","canton_0805","080550","SAN LORENZO"
"parish_080551","canton_0805","080551","ALTO TAMBO"
"parish_080552","canton_0805","080552","ANCON (PICHANGAL)"
"parish_080553","canton_0805","080553","CALDERON"
"parish_080554","canton_0805","080554","CARONDELET"
"parish_080555","canton_0805","080555","5 DE JUNIO"
"parish_080556","canton_0805","080556","CONCEPCION"
"parish_080557","canton_0805","080557","MATAJE"
"parish_080558","canton_0805","080558","SAN JAVIER DE CACHAVI"
"parish_080559","canton_0805","080559","SANTA RITA"
"parish_080560","canton_0805","080560","TAMBILLO"
"parish_080561","canton_0805","080561","TULUBI"
"parish_080562","canton_0805","080562","URBINA"
"parish_080650","canton_0806","080650","ATACAMES"
"parish_080651","canton_0806","080651","LA UNION"
"parish_080652","canton_0806","080652","SUA"
"parish_080653","canton_0806","080653","TONCHIGUE"
"parish_080654","canton_0806","080654","TONSUPA"
"parish_080750","canton_0807","080750","RIOVERDE"
"parish_080751","canton_0807","080751","CHONTADURO"
"parish_080752","canton_0807","080752","CHUMUNDE"
"parish_080753","canton_0807","080753","LAGARTO"
"parish_080754","canton_0807","080754","MONTALVO"
"parish_080755","canton_0807","080755","ROCAFUERTE"
"parish_090101","canton_0901","090101","AYACUCHO"
"parish_090102","canton_0901","090102","BOLIVAR (SAGRARIO)"
"parish_090103","canton_0901","090103","CARBO (CONCEPCION)"
"parish_090104","canton_0901","090104","FEBRES CORDERO"
"parish_090105","canton_0901","090105","GARCIA MORENO"
"parish_090106","canton_0901","090106","LETAMENDI"
"parish_090107","canton_0901","090107","NUEVE DE OCTUBRE"
"parish_090108","canton_0901","090108","OLMEDO (SAN ALEJO)"
"parish_090109","canton_0901","090109","ROCA"
"parish_090110","canton_0901","090110","ROCAFUERTE"
"parish_090111","canton_0901","090111","SUCRE"
"parish_090112","canton_0901","090112","TARQUI"
"parish_090113","canton_0901","090113","URDANETA"
"parish_090114","canton_0901","090114","XIMENA"
"parish_090115","canton_0901","090115","CHONGON"
"parish_090116","canton_0901","090116","PASCUALES"
"parish_090150","canton_0901","090150","GUAYAQUIL"
"parish_090152","canton_0901","090152","JUAN GOMEZ RENDON (PROGRESO)"
"parish_090153","canton_0901","090153","MORRO"
"parish_090156","canton_0901","090156","POSORJA"
"parish_090157","canton_0901","090157","PUNA"
"parish_090158","canton_0901","090158","TENGUEL"
"parish_090250","canton_0902","090250","ALFREDO BAQUERIZO MORENO"
"parish_090350","canton_0903","090350","BALAO"
"parish_090450","canton_0904","090450","BALZAR"
"parish_090550","canton_0905","090550","COLIMES"
"parish_090551","canton_0905","090551","SAN JACINTO"
"parish_090601","canton_0906","090601","DAULE"
"parish_090602","canton_0906","090602","BANIFE"
"parish_090603","canton_0906","090603","EMILIANO CAICEDO MARCOS"
"parish_090604","canton_0906","090604","MAGRO"
"parish_090605","canton_0906","090605","PADRE JUAN BAUTISTA AGUIRRE"
"parish_090606","canton_0906","090606","SANTA CLARA"
"parish_090607","canton_0906","090607","VICENTE PIEDRAHITA"
"parish_090650","canton_0906","090650","DAULE"
"parish_090652","canton_0906","090652","JUAN BAUTISTA AGUIRRE (LOS TINTOS)"
"parish_090653","canton_0906","090653","LAUREL"
"parish_090654","canton_0906","090654","LIMONAL"
"parish_090656","canton_0906","090656","LAS LOJAS (ENRIQUE BAQUERIZO MORENO)"
"parish_090750","canton_0907","090750","ELOY ALFARO (DURAN)"
"parish_090850","canton_0908","090850","VELASCO IBARRA (EL EMPALME)"
"parish_090851","canton_0908","090851","GUAYAS (PUEBLO NUEVO)"
"parish_090852","canton_0908","090852","EL ROSARIO"
"parish_090950","canton_0909","090950","EL TRIUNFO"
"parish_091050","canton_0910","091050","MILAGRO"
"parish_091051","canton_0910","091051","CHOBO"
"parish_091053","canton_0910","091053","MARISCAL SUCRE (HUAQUES)"
"parish_091054","canton_0910","091054","ROBERTO ASTUDILLO"
"parish_091150","canton_0911","091150","NARANJAL"
"parish_091151","canton_0911","091151","JESUS MARIA"
"parish_091152","canton_0911","091152","SAN CARLOS"
"parish_091153","canton_0911","091153","SANTA ROSA DE FLANDES"
"parish_091154","canton_0911","091154","TAURA"
"parish_091250","canton_0912","091250","NARANJITO"
"parish_091350","canton_0913","091350","PALESTINA"
"parish_091450","canton_0914","091450","PEDRO CARBO"
"parish_091451","canton_0914","091451","VALLE DE LA VIRGEN"
"parish_091452","canton_0914","091452","SABANILLA"
"parish_091601","canton_0916","091601","SAMBORONDÓN"
"parish_091602","canton_0916","091602","LA PUNTILLA (SATÉLITE)"
"parish_091650","canton_0916","091650","SAMBORONDON"
"parish_091651","canton_0916","091651","TARIFA"
"parish_091850","canton_0918","091850","SANTA LUCIA"
"parish_091901","canton_0919","091901","BOCANA"
"parish_091902","canton_0919","091902","CANDILEJOS"
"parish_091903","canton_0919","091903","CENTRAL"
"parish_091904","canton_0919","091904","PARAISO"
"parish_091905","canton_0919","091905","SAN MATEO"
"parish_091950","canton_0919","091950","EL SALITRE (LAS RAMAS)"
"parish_091951","canton_0919","091951","GENERAL VERNAZA (DOS ESTEROS)"
"parish_091952","canton_0919","091952","LA VICTORIA (ÑAUZA)"
"parish_091953","canton_0919","091953","JUNQUILLAL"
"parish_092050","canton_0920","092050","SAN JACINTO DE YAGUACHI"
"parish_092053","canton_0920","092053","GRAL. PEDRO J. MONTERO (BOLICHE)"
"parish_092055","canton_0920","092055","YAGUACHI VIEJO (CONE)"
"parish_092056","canton_0920","092056","VIRGEN DE FATIMA"
"parish_092150","canton_0921","092150","GENERAL VILLAMIL"
"parish_092250","canton_0922","092250","SIMON BOLIVAR"
"parish_092251","canton_0922","092251","CRNEL. LORENZO DE GARAICOA (PEDREGAL)"
"parish_092350","canton_0923","092350","CORONEL MARCELINO MARIDUEÑA"
"parish_092450","canton_0924","092450","LOMAS DE SARGENTILLO"
"parish_092550","canton_0925","092550","NARCISA DE JESUS"
"parish_092750","canton_0927","092750","GENERAL ANTONIO ELIZALDE (BUCAY)"
"parish_092850","canton_0928","092850","ISIDRO AYORA"
"parish_100101","canton_1001","100101","CARANQUI"
"parish_100102","canton_1001","100102","GUAYAQUIL DE ALPACHACA"
"parish_100103","canton_1001","100103","SAGRARIO"
"parish_100104","canton_1001","100104","SAN FRANCISCO"
"parish_100105","canton_1001","100105","LA DOLOROSA DEL PIORATO"
"parish_100150","canton_1001","100150","IBARRA"
"parish_100151","canton_1001","100151","AMBUQUI"
"parish_100152","canton_1001","100152","ANGOCHAGUA"
"parish_100153","canton_1001","100153","CAROLINA"
"parish_100154","canton_1001","100154","LA ESPERANZA"
"parish_100155","canton_1001","100155","LITA"
"parish_100156","canton_1001","100156","SALINAS"
"parish_100157","canton_1001","100157","SAN ANTONIO"
"parish_100201","canton_1002","100201","ANDRADE MARIN (LOURDES)"
"parish_100202","canton_1002","100202","ATUNTAQUI"
"parish_100250","canton_1002","100250","ATUNTAQUI"
"parish_100251","canton_1002","100251","IMBAYA (SAN LUIS DE COBUENDO)"
"parish_100252","canton_1002","100252","SAN FRANCISCO DE NATABUEL"
"parish_100253","canton_1002","100253","SAN JOSE DE CHALTURA"
"parish_100254","canton_1002","100254","SAN ROQUE"
"parish_100301","canton_1003","100301","SAGRARIO"
"parish_100302","canton_1003","100302","SAN FRANCISCO"
"parish_100350","canton_1003","100350","COTACACHI"
"parish_100351","canton_1003","100351","APUELA"
"parish_100352","canton_1003","100352","GARCIA MORENO (LLURIMAGUA)"
"parish_100353","canton_1003","100353","IMANTAG"
"parish_100354","canton_1003","100354","PEÑAHERRERA"
"parish_100355","canton_1003","100355","PLAZA GUTIERREZ (CALVARIO)"
"parish_100356","canton_1003","100356","QUIROGA"
"parish_100357","canton_1003","100357","6 DE JULIO DE CUELLAJE"
"parish_100358","canton_1003","100358","VACAS GALINDO (EL CHURO)"
"parish_100401","canton_1004","100401","JORDAN"
"parish_100402","canton_1004","100402","SAN LUIS"
"parish_100450","canton_1004","100450","OTAVALO"
"parish_100451","canton_1004","100451","DR. MIGUEL EGAS CABEZAS (PEGUCHE)"
"parish_100452","canton_1004","100452","EUGENIO ESPEJO (CALPAQUI)"
"parish_100453","canton_1004","100453","GONZALEZ SUAREZ"
"parish_100454","canton_1004","100454","PATAQUI"
"parish_100455","canton_1004","100455","SAN JOSÉ DE QUICHINCHE"
"parish_100456","canton_1004","100456","SAN JUAN DE ILUMAN"
"parish_100457","canton_1004","100457","SAN PABLO"
"parish_100458","canton_1004","100458","SAN RAFAEL"
"parish_100459","canton_1004","100459","SELVA ALEGRE"
"parish_100550","canton_1005","100550","PIMAMPIRO"
"parish_100551","canton_1005","100551","CHUGA"
"parish_100552","canton_1005","100552","MARIANO ACOSTA"
"parish_100553","canton_1005","100553","SAN FRANCISCO DE SIGSIPAM"
"parish_100650","canton_1006","100650","URCUQUI"
"parish_100651","canton_1006","100651","CAHUASQUI"
"parish_100652","canton_1006","100652","LA MERCED DE BUENOS AIRES"
"parish_100653","canton_1006","100653","PABLO ARENAS"
"parish_100654","canton_1006","100654","SAN BLAS"
"parish_100655","canton_1006","100655","TUMBABIRO"
"parish_110101","canton_1101","110101","EL SAGRARIO"
"parish_110102","canton_1101","110102","SAN SEBASTIAN"
"parish_110103","canton_1101","110103","SUCRE"
"parish_110104","canton_1101","110104","VALLE"
"parish_110150","canton_1101","110150","LOJA"
"parish_110151","canton_1101","110151","CHANTACO"
"parish_110152","canton_1101","110152","CHUQUIRIBAMBA"
"parish_110153","canton_1101","110153","EL CISNE"
"parish_110154","canton_1101","110154","GUALEL"
"parish_110155","canton_1101","110155","JIMBILLA"
"parish_110156","canton_1101","110156","MALACATOS (VALLADOLID)"
"parish_110157","canton_1101","110157","SAN LUCAS"
"parish_110158","canton_1101","110158","SAN PEDRO DE VILCABAMBA"
"parish_110159","canton_1101","110159","SANTIAGO"
"parish_110160","canton_1101","110160","TAQUIL (MIGUEL RIOFRIO)"
"parish_110161","canton_1101","110161","VILCABAMBA (VICTORIA)"
"parish_110162","canton_1101","110162","YANGANA (ARSENIO CASTILLO)"
"parish_110163","canton_1101","110163","QUINARA"
"parish_110201","canton_1102","110201","CARIAMANGA"
"parish_110202","canton_1102","110202","CHILE"
"parish_110203","canton_1102","110203","SAN VICENTE"
"parish_110250","canton_1102","110250","CARIAMANGA"
"parish_110251","canton_1102","110251","COLAISACA"
"parish_110252","canton_1102","110252","EL LUCERO"
"parish_110253","canton_1102","110253","UTUANA"
"parish_110254","canton_1102","110254","SANGILLIN"
"parish_110301","canton_1103","110301","CATAMAYO"
"parish_110302","canton_1103","110302","SAN JOSE"
"parish_110350","canton_1103","110350","CATAMAYO (LA TOMA)"
"parish_110351","canton_1103","110351","EL TAMBO"
"parish_110352","canton_1103","110352","GUAYQUICHUMA"
"parish_110353","canton_1103","110353","SAN PEDRO DE LA BENDITA"
"parish_110354","canton_1103","110354","ZAMBI"
"parish_110450","canton_1104","110450","CELICA"
"parish_110451","canton_1104","110451","CRUZPAMBA"
"parish_110455","canton_1104","110455","POZUL (SAN JUAN DE POZUL)"
"parish_110456","canton_1104","110456","SABANILLA"
"parish_110457","canton_1104","110457","TNTE. MAXIMILIANO RODRIGUEZ LOAYZA"
"parish_110550","canton_1105","110550","CHAGUARPAMBA"
"parish_110551","canton_1105","110551","BUENAVISTA"
"parish_110552","canton_1105","110552","EL ROSARIO"
"parish_110553","canton_1105","110553","SANTA RUFINA"
"parish_110554","canton_1105","110554","AMARILLOS"
"parish_110650","canton_1106","110650","AMALUZA"
"parish_110651","canton_1106","110651","BELLAVISTA"
"parish_110652","canton_1106","110652","JIMBURA"
"parish_110653","canton_1106","110653","SANTA TERESITA"
"parish_110654","canton_1106","110654","27 DE ABRIL"
"parish_110655","canton_1106","110655","EL INGENIO"
"parish_110656","canton_1106","110656","EL AIRO"
"parish_110750","canton_1107","110750","GONZANAMA"
"parish_110751","canton_1107","110751","CHANGAIMINA (LA LIBERTAD)"
"parish_110753","canton_1107","110753","NAMBACOLA"
"parish_110754","canton_1107","110754","PURUNUMA (EGUIGUREN)"
"parish_110756","canton_1107","110756","SACAPALCA"
"parish_110801","canton_1108","110801","GENERAL ELOY ALFARO (SAN SEBASTIAN)"
"parish_110802","canton_1108","110802","MACARA (MANUEL ENRIQUE RANGEL SUQUILANDA)"
"parish_110850","canton_1108","110850","MACARA"
"parish_110851","canton_1108","110851","LARAMA"
"parish_110852","canton_1108","110852","LA VICTORIA"
"parish_110853","canton_1108","110853","SABIANGO (LA CAPILLA)"
"parish_110901","canton_1109","110901","CATACOCHA"
"parish_110902","canton_1109","110902","LOURDES"
"parish_110950","canton_1109","110950","CATACOCHA"
"parish_110951","canton_1109","110951","CANGONAMA"
"parish_110952","canton_1109","110952","GUACHANAMA"
"parish_110954","canton_1109","110954","LAURO GUERRERO"
"parish_110956","canton_1109","110956","ORIANGA"
"parish_110957","canton_1109","110957","SAN ANTONIO"
"parish_110958","canton_1109","110958","CASANGA"
"parish_110959","canton_1109","110959","YAMANA"
"parish_111050","canton_1110","111050","ALAMOR"
"parish_111051","canton_1110","111051","CIANO"
"parish_111052","canton_1110","111052","EL ARENAL"
"parish_111053","canton_1110","111053","EL LIMO (MARIANA DE JESUS)"
"parish_111054","canton_1110","111054","MERCADILLO"
"parish_111055","canton_1110","111055","VICENTINO"
"parish_111150","canton_1111","111150","SARAGURO"
"parish_111151","canton_1111","111151","EL PARAISO DE CELEN"
"parish_111152","canton_1111","111152","EL TABLON"
"parish_111153","canton_1111","111153","LLUZHAPA"
"parish_111154","canton_1111","111154","MANU"
"parish_111155","canton_1111","111155","SAN ANTONIO DE QUIMBE (CUMBE)"
"parish_111156","canton_1111","111156","SAN PABLO DE TENTA"
"parish_111157","canton_1111","111157","SAN SEBASTIAN DE YULUC"
"parish_111158","canton_1111","111158","SELVA ALEGRE"
"parish_111159","canton_1111","111159","URDANETA (PAQUISHAPA)"
"parish_111160","canton_1111","111160","SUMAYPAMBA"
"parish_111250","canton_1112","111250","SOZORANGA"
"parish_111251","canton_1112","111251","NUEVA FATIMA"
"parish_111252","canton_1112","111252","TACAMOROS"
"parish_111350","canton_1113","111350","ZAPOTILLO"
"parish_111351","canton_1113","111351","MANGAHURCO"
"parish_111352","canton_1113","111352","GARZAREAL"
"parish_111353","canton_1113","111353","LIMONES"
"parish_111354","canton_1113","111354","PALETILLAS"
"parish_111355","canton_1113","111355","BOLASPAMBA"
"parish_111450","canton_1114","111450","PINDAL"
"parish_111451","canton_1114","111451","CHAQUINAL"
"parish_111452","canton_1114","111452","12 DE DICIEMBRE"
"parish_111550","canton_1115","111550","QUILANGA"
"parish_111551","canton_1115","111551","FUNDOCHAMBA"
"parish_111552","canton_1115","111552","SAN ANTONIO DE LAS ARADAS"
"parish_111650","canton_1116","111650","OLMEDO"
"parish_111651","canton_1116","111651","TINGUE"
"parish_120101","canton_1201","120101","CLEMENTE BAQUERIZO"
"parish_120102","canton_1201","120102","DR. CAMILO PONCE"
"parish_120103","canton_1201","120103","BARREIRO"
"parish_120104","canton_1201","120104","EL SALTO"
"parish_120150","canton_1201","120150","BABAHOYO"
"parish_120152","canton_1201","120152","CARACOL"
"parish_120153","canton_1201","120153","FEBRES CORDERO"
"parish_120154","canton_1201","120154","PIMOCHA"
"parish_120155","canton_1201","120155","LA UNION"
"parish_120250","canton_1202","120250","BABA"
"parish_120251","canton_1202","120251","GUARE"
"parish_120252","canton_1202","120252","ISLA DE BEJUCAL"
"parish_120350","canton_1203","120350","MONTALVO"
"parish_120450","canton_1204","120450","PUEBLOVIEJO"
"parish_120451","canton_1204","120451","PUERTO PECHICHE"
"parish_120452","canton_1204","120452","SAN JUAN"
"parish_120501","canton_1205","120501","QUEVEDO"
"parish_120502","canton_1205","120502","SAN CAMILO"
"parish_120504","canton_1205","120504","GUAYACAN"
"parish_120505","canton_1205","120505","NICOLAS INFANTE DIAZ"
"parish_120506","canton_1205","120506","SAN CRISTOBAL"
"parish_120507","canton_1205","120507","SIETE DE OCTUBRE"
"parish_120508","canton_1205","120508","24 DE MAYO"
"parish_120509","canton_1205","120509","VENUS DEL RIO QUEVEDO"
"parish_120510","canton_1205","120510","VIVA ALFARO"
"parish_120550","canton_1205","120550","QUEVEDO"
"parish_120553","canton_1205","120553","SAN CARLOS"
"parish_120555","canton_1205","120555","LAS ESPERANZA"
"parish_120650","canton_1206","120650","CATARAMA"
"parish_120651","canton_1206","120651","RICAURTE"
"parish_120750","canton_1207","120750","VENTANAS"
"parish_120752","canton_1207","120752","ZAPOTAL"
"parish_120850","canton_1208","120850","VINCES"
"parish_120851","canton_1208","120851","ANTONIO SOTOMAYOR"
"parish_120950","canton_1209","120950","PALENQUE"
"parish_121001","canton_1210","121001","SAN JACINTO DE BUENA FÉ"
"parish_121002","canton_1210","121002","7 DE AGOSTO"
"parish_121003","canton_1210","121003","11 DE OCTUBRE"
"parish_121050","canton_1210","121050","SAN JACINTO DE BUENA FE"
"parish_121051","canton_1210","121051","PATRICIA PILAR"
"parish_121150","canton_1211","121150","VALENCIA"
"parish_121250","canton_1212","121250","MOCACHE"
"parish_121350","canton_1213","121350","QUINSALOMA"
"parish_130101","canton_1301","130101","ANDRES DE VERA"
"parish_130102","canton_1301","130102","COLON"
"parish_130103","canton_1301","130103","12 DE MARZO"
"parish_130104","canton_1301","130104","PICOAZA"
"parish_130105","canton_1301","130105","PORTOVIEJO"
"parish_130106","canton_1301","130106","SAN PABLO"
"parish_130107","canton_1301","130107","18 DE OCTUBRE"
"parish_130108","canton_1301","130108","FRANCISCO PACHECO"
"parish_130109","canton_1301","130109","SIMÓN BOLÍVAR"
"parish_130150","canton_1301","130150","PORTOVIEJO"
"parish_130151","canton_1301","130151","ABDON CALDERON (SAN FRANCISCO)"
"parish_130152","canton_1301","130152","ALHAJUELA (BAJO GRANDE)"
"parish_130153","canton_1301","130153","CRUCITA"
"parish_130154","canton_1301","130154","PUEBLO NUEVO"
"parish_130155","canton_1301","130155","RIOCHICO (RIO CHICO)"
"parish_130156","canton_1301","130156","SAN PLACIDO"
"parish_130157","canton_1301","130157","CHIRIJOS"
"parish_130250","canton_1302","130250","CALCETA"
"parish_130251","canton_1302","130251","MEMBRILLO"
"parish_130252","canton_1302","130252","QUIROGA"
"parish_130301","canton_1303","130301","CHONE"
"parish_130302","canton_1303","130302","SANTA RITA"
"parish_130350","canton_1303","130350","CHONE"
"parish_130351","canton_1303","130351","BOYACA"
"parish_130352","canton_1303","130352","CANUTO"
"parish_130353","canton_1303","130353","CONVENTO"
"parish_130354","canton_1303","130354","CHIBUNGA"
"parish_130355","canton_1303","130355","ELOY ALFARO"
"parish_130356","canton_1303","130356","RICAURTE"
"parish_130357","canton_1303","130357","SAN ANTONIO"
"parish_130401","canton_1304","130401","EL CARMEN"
"parish_130404","canton_1304","130404","4 DE DICIEMBRE"
"parish_130450","canton_1304","130450","EL CARMEN"
"parish_130451","canton_1304","130451","WILFRIDO LOOR MOREIRA (MAICITO)"
"parish_130452","canton_1304","130452","SAN PEDRO DE SUMA"
"parish_130550","canton_1305","130550","FLAVIO ALFARO"
"parish_130551","canton_1305","130551","SAN FRANCISCO DE NOVILLO"
"parish_130552","canton_1305","130552","ZAPALLO"
"parish_130601","canton_1306","130601","SAN LORENZO DE JIPIJAPA"
"parish_130602","canton_1306","130602","DR. MIGUEL MORAN LUCIO"
"parish_130603","canton_1306","130603","MANUEL INOCENCIO PARRALES Y GUALE"
"parish_130650","canton_1306","130650","JIPIJAPA"
"parish_130651","canton_1306","130651","AMERICA"
"parish_130652","canton_1306","130652","EL ANEGADO"
"parish_130653","canton_1306","130653","JULCUY"
"parish_130654","canton_1306","130654","LA UNION"
"parish_130656","canton_1306","130656","MEMBRILLAL"
"parish_130657","canton_1306","130657","PEDRO PABLO GOMEZ"
"parish_130658","canton_1306","130658","PUERTO DE CAYO"
"parish_130750","canton_1307","130750","JUNIN"
"parish_130801","canton_1308","130801","LOS ESTEROS"
"parish_130802","canton_1308","130802","MANTA"
"parish_130803","canton_1308","130803","SAN MATEO"
"parish_130804","canton_1308","130804","TARQUI"
"parish_130805","canton_1308","130805","ELOY ALFARO"
"parish_130850","canton_1308","130850","MANTA"
"parish_130851","canton_1308","130851","SAN LORENZO"
"parish_130852","canton_1308","130852","SANTA MARIANITA (BOCA DE PACOCHE)"
"parish_130901","canton_1309","130901","MONTECRISTI"
"parish_130902","canton_1309","130902","ANIBAL SAN ANDRES"
"parish_130950","canton_1309","130950","MONTECRISTI"
"parish_130952","canton_1309","130952","LA PILA"
"parish_131050","canton_1310","131050","PAJAN"
"parish_131051","canton_1310","131051","CAMPOZANO (LA PALMA DE PAJAN)"
"parish_131052","canton_1310","131052","CASCOL"
"parish_131053","canton_1310","131053","GUALE"
"parish_131054","canton_1310","131054","LASCANO"
"parish_131150","canton_1311","131150","PICHINCHA"
"parish_131151","canton_1311","131151","BARRAGANETE"
"parish_131152","canton_1311","131152","SAN SEBASTIAN"
"parish_131250","canton_1312","131250","ROCAFUERTE"
"parish_131301","canton_1313","131301","SANTA ANA"
"parish_131302","canton_1313","131302","LODANA"
"parish_131350","canton_1313","131350","SANTA ANA DE VUELTA LARGA"
"parish_131351","canton_1313","131351","AYACUCHO"
"parish_131352","canton_1313","131352","HONORATO VASQUEZ"
"parish_131353","canton_1313","131353","LA UNION"
"parish_131355","canton_1313","131355","SAN PABLO"
"parish_131401","canton_1314","131401","BAHIA DE CARAQUEZ"
"parish_131402","canton_1314","131402","LEONIDAS PLAZA GUTIERREZ"
"parish_131450","canton_1314","131450","BAHIA DE CARAQUEZ"
"parish_131453","canton_1314","131453","CHARAPOTO"
"parish_131457","canton_1314","131457","SAN ISIDRO"
"parish_131550","canton_1315","131550","TOSAGUA"
"parish_131551","canton_1315","131551","BACHILLERO"
"parish_131552","canton_1315","131552","ANGEL PEDRO GILER"
"parish_131650","canton_1316","131650","SUCRE"
"parish_131651","canton_1316","131651","BELLAVISTA"
"parish_131652","canton_1316","131652","NOBOA"
"parish_131653","canton_1316","131653","ARQ. SIXTO DURAN BALLEN"
"parish_131750","canton_1317","131750","PEDERNALES"
"parish_131751","canton_1317","131751","COJIMIES"
"parish_131752","canton_1317","131752","10 DE AGOSTO"
"parish_131753","canton_1317","131753","ATAHUALPA"
"parish_131850","canton_1318","131850","OLMEDO"
"parish_131950","canton_1319","131950","PUERTO LOPEZ"
"parish_131951","canton_1319","131951","MACHALILLA"
"parish_131952","canton_1319","131952","SALANGO"
"parish_132050","canton_1320","132050","JAMA"
"parish_132150","canton_1321","132150","JARAMIJO"
"parish_132250","canton_1322","132250","SAN VICENTE"
"parish_132251","canton_1322","132251","CANOA"
"parish_140150","canton_1401","140150","MACAS"
"parish_140151","canton_1401","140151","ALSHI"
"parish_140153","canton_1401","140153","GENERAL PROAÑO"
"parish_140156","canton_1401","140156","SAN ISIDRO"
"parish_140157","canton_1401","140157","SEVILLA DON BOSCO"
"parish_140158","canton_1401","140158","SINAI"
"parish_140160","canton_1401","140160","ZUÑA (ZUÑAC)"
"parish_140162","canton_1401","140162","CUCHAENTZA"
"parish_140164","canton_1401","140164","RIO BLANCO"
"parish_140201","canton_1402","140201","GUALAQUIZA"
"parish_140202","canton_1402","140202","MERCEDES MOLINA"
"parish_140250","canton_1402","140250","GUALAQUIZA"
"parish_140251","canton_1402","140251","AMAZONAS (ROSARIO DE CUYES)"
"parish_140252","canton_1402","140252","BERMEJOS"
"parish_140253","canton_1402","140253","BOMBOIZA"
"parish_140254","canton_1402","140254","CHIGÜINDA"
"parish_140255","canton_1402","140255","EL ROSARIO"
"parish_140256","canton_1402","140256","NUEVA TARQUI"
"parish_140257","canton_1402","140257","SAN MIGUEL DE CUYES"
"parish_140258","canton_1402","140258","EL IDEAL"
"parish_140350","canton_1403","140350","GENERAL LEONIDAS PLAZA GUTIERREZ (LIMON)"
"parish_140351","canton_1403","140351","INDANZA"
"parish_140353","canton_1403","140353","SAN ANTONIO"
"parish_140356","canton_1403","140356","SAN MIGUEL DE CONCHAY"
"parish_140357","canton_1403","140357","SANTA SUSANA DE CHIVIAZA"
"parish_140358","canton_1403","140358","YUNGANZA"
"parish_140450","canton_1404","140450","PALORA (METZERA)"
"parish_140451","canton_1404","140451","ARAPICOS"
"parish_140452","canton_1404","140452","CUMANDA"
"parish_140454","canton_1404","140454","SANGAY"
"parish_140455","canton_1404","140455","16 DE AGOSTO"
"parish_140550","canton_1405","140550","SANTIAGO DE MENDEZ"
"parish_140551","canton_1405","140551","COPAL"
"parish_140552","canton_1405","140552","CHUPIANZA"
"parish_140553","canton_1405","140553","PATUCA"
"parish_140554","canton_1405","140554","SAN LUIS DE EL ACHO"
"parish_140556","canton_1405","140556","TAYUZA"
"parish_140557","canton_1405","140557","SAN FRANCISCO DE CHINIMBIMI"
"parish_140650","canton_1406","140650","SUCUA"
"parish_140651","canton_1406","140651","ASUNCION"
"parish_140652","canton_1406","140652","HUAMBI"
"parish_140655","canton_1406","140655","SANTA MARIANITA DE JESUS"
"parish_140750","canton_1407","140750","HUAMBOYA"
"parish_140751","canton_1407","140751","CHIGUAZA"
"parish_140850","canton_1408","140850","SAN JUAN BOSCO"
"parish_140851","canton_1408","140851","PAN DE AZUCAR"
"parish_140852","canton_1408","140852","SAN CARLOS DE LIMON"
"parish_140853","canton_1408","140853","SAN JACINTO DE WAKAMBEIS"
"parish_140854","canton_1408","140854","SANTIAGO DE PANANZA"
"parish_140950","canton_1409","140950","TAISHA"
"parish_140951","canton_1409","140951","HUASAGA"
"parish_140952","canton_1409","140952","MACUMA"
"parish_140953","canton_1409","140953","TUUTINENTZA"
"parish_141050","canton_1410","141050","LOGROÑO"
"parish_141051","canton_1410","141051","YAUPI"
"parish_141052","canton_1410","141052","SHIMPIS"
"parish_141150","canton_1411","141150","PABLO VI"
"parish_141250","canton_1412","141250","SANTIAGO"
"parish_141251","canton_1412","141251","SAN JOSE DE MORONA"
"parish_150150","canton_1501","150150","TENA"
"parish_150151","canton_1501","150151","AHUANO"
"parish_150153","canton_1501","150153","CHONTAPUNTA"
"parish_150154","canton_1501","150154","PANO"
"parish_150155","canton_1501","150155","PUERTO MISAHUALLI"
"parish_150156","canton_1501","150156","PUERTO NAPO"
"parish_150157","canton_1501","150157","TALAG"
"parish_150350","canton_1503","150350","ARCHIDONA"
"parish_150352","canton_1503","150352","COTUNDO"
"parish_150354","canton_1503","150354","SAN PABLO DE USHPAYACU"
"parish_150450","canton_1504","150450","EL CHACO"
"parish_150451","canton_1504","150451","GONZALO DIAZ DE PINEDA (EL BOMBON)"
"parish_150452","canton_1504","150452","LINARES"
"parish_150453","canton_1504","150453","OYACACHI"
"parish_150454","canton_1504","150454","SANTA ROSA"
"parish_150455","canton_1504","150455","SARDINAS"
"parish_150750","canton_1507","150750","BAEZA"
"parish_150751","canton_1507","150751","COSANGA"
"parish_150752","canton_1507","150752","CUYUJA"
"parish_150753","canton_1507","150753","PAPALLACTA"
"parish_150754","canton_1507","150754","SAN FRANCISCO DE BORJA (VIRGILIO DAVILA)"
"parish_150755","canton_1507","150755","SAN JOSE DE PAYAMINO"
"parish_150756","canton_1507","150756","SUMACO"
"parish_150950","canton_1509","150950","CARLOS JULIO AROSEMENA T."
"parish_160150","canton_1601","160150","PUYO"
"parish_160152","canton_1601","160152","CANELOS"
"parish_160154","canton_1601","160154","DIEZ DE AGOSTO"
"parish_160155","canton_1601","160155","FATIMA"
"parish_160156","canton_1601","160156","MONTALVO (ANDOAS)"
"parish_160157","canton_1601","160157","POMONA"
"parish_160158","canton_1601","160158","RIO CORRIENTES"
"parish_160159","canton_1601","160159","RIO TIGRE"
"parish_160161","canton_1601","160161","SARAYACU"
"parish_160162","canton_1601","160162","SIMON BOLIVAR"
"parish_160163","canton_1601","160163","TARQUI"
"parish_160164","canton_1601","160164","TENIENTE HUGO ORTIZ"
"parish_160165","canton_1601","160165","VERACRUZ (INDILLAMA)"
"parish_160166","canton_1601","160166","EL TRIUNFO"
"parish_160250","canton_1602","160250","MERA"
"parish_160251","canton_1602","160251","MADRE TIERRA"
"parish_160252","canton_1602","160252","SHELL"
"parish_160350","canton_1603","160350","SANTA CLARA"
"parish_160351","canton_1603","160351","SAN JOSE"
"parish_160450","canton_1604","160450","ARAJUNO"
"parish_160451","canton_1604","160451","CURARAY"
"parish_170101","canton_1701","170101","ALFARO (CHIMBACALLE)"
"parish_170102","canton_1701","170102","BENALCAZAR"
"parish_170103","canton_1701","170103","COTOCOLLAO"
"parish_170104","canton_1701","170104","CHAUPICRUZ (LA CONCEPCION)"
"parish_170105","canton_1701","170105","CHILLOGALLO"
"parish_170106","canton_1701","170106","EL SALVADOR"
"parish_170107","canton_1701","170107","GONZALEZ SUAREZ"
"parish_170108","canton_1701","170108","GUAPULO"
"parish_170109","canton_1701","170109","LA FLORESTA"
"parish_170110","canton_1701","170110","LA LIBERTAD"
"parish_170111","canton_1701","170111","LA MAGDALENA"
"parish_170112","canton_1701","170112","LA VICENTINA"
"parish_170113","canton_1701","170113","SAN BLAS"
"parish_170114","canton_1701","170114","SAN MARCOS"
"parish_170115","canton_1701","170115","SAN ROQUE"
"parish_170116","canton_1701","170116","SAN SEBASTIAN"
"parish_170117","canton_1701","170117","SANTA BARBARA"
"parish_170118","canton_1701","170118","SANTA PRISCA"
"parish_170119","canton_1701","170119","VILLA FLORA"
"parish_170120","canton_1701","170120","CARCELEN"
"parish_170121","canton_1701","170121","CHIMBACALLE"
"parish_170122","canton_1701","170122","EL BATAN"
"parish_170123","canton_1701","170123","EL BEATERIO"
"parish_170124","canton_1701","170124","EL INCA"
"parish_170125","canton_1701","170125","ELOY ALFARO"
"parish_170126","canton_1701","170126","GUAMANI"
"parish_170127","canton_1701","170127","LA CONCEPCION"
"parish_170128","canton_1701","170128","LAS CUADRAS"
"parish_170135","canton_1701","170135","ATAHUALPA (HABASPAMBA)"
"parish_170150","canton_1701","170150","QUITO"
"parish_170151","canton_1701","170151","ALANGASI"
"parish_170152","canton_1701","170152","AMAGUAÑA"
"parish_170154","canton_1701","170154","CALACALI"
"parish_170155","canton_1701","170155","CALDERON (CARAPUNGO)"
"parish_170156","canton_1701","170156","CONOCOTO"
"parish_170157","canton_1701","170157","CUMBAYA"
"parish_170158","canton_1701","170158","CHAVEZPAMBA"
"parish_170159","canton_1701","170159","CHECA (CHILPA)"
"parish_170160","canton_1701","170160","EL QUINCHE"
"parish_170161","canton_1701","170161","GUALEA"
"parish_170162","canton_1701","170162","GUANGOPOLO"
"parish_170163","canton_1701","170163","GUAYLLABAMBA"
"parish_170164","canton_1701","170164","LA MERCED"
"parish_170165","canton_1701","170165","LLANO CHICO"
"parish_170166","canton_1701","170166","LLOA"
"parish_170168","canton_1701","170168","NANEGAL"
"parish_170169","canton_1701","170169","NANEGALITO"
"parish_170170","canton_1701","170170","NAYON"
"parish_170171","canton_1701","170171","NONO"
"parish_170172","canton_1701","170172","PACTO"
"parish_170174","canton_1701","170174","PERUCHO"
"parish_170175","canton_1701","170175","PIFO"
"parish_170176","canton_1701","170176","PINTAG"
"parish_170177","canton_1701","170177","POMASQUI"
"parish_170178","canton_1701","170178","PUELLARO"
"parish_170179","canton_1701","170179","PUEMBO"
"parish_170180","canton_1701","170180","SAN ANTONIO"
"parish_170181","canton_1701","170181","SAN JOSE DE MINAS"
"parish_170183","canton_1701","170183","TABABELA"
"parish_170184","canton_1701","170184","TUMBACO"
"parish_170185","canton_1701","170185","YARUQUI"
"parish_170186","canton_1701","170186","ZAMBIZA"
"parish_170201","canton_1702","170201","AYORA"
"parish_170202","canton_1702","170202","CAYAMBE"
"parish_170203","canton_1702","170203","JUAN MONTALVO"
"parish_170250","canton_1702","170250","CAYAMBE"
"parish_170251","canton_1702","170251","ASCAZUBI"
"parish_170252","canton_1702","170252","CANGAHUA"
"parish_170253","canton_1702","170253","OLMEDO (PESILLO)"
"parish_170254","canton_1702","170254","OTON"
"parish_170255","canton_1702","170255","SANTA ROSA DE CUZUBAMBA"
"parish_170350","canton_1703","170350","MACHACHI"
"parish_170351","canton_1703","170351","ALOAG"
"parish_170352","canton_1703","170352","ALOASI"
"parish_170353","canton_1703","170353","CUTUGLAHUA"
"parish_170354","canton_1703","170354","EL CHAUPI"
"parish_170355","canton_1703","170355","MANUEL CORNEJO ASTORGA (TANDAPI)"
"parish_170356","canton_1703","170356","TAMBILLO"
"parish_170357","canton_1703","170357","UYUMBICHO"
"parish_170450","canton_1704","170450","TABACUNDO"
"parish_170451","canton_1704","170451","LA ESPERANZA"
"parish_170452","canton_1704","170452","MALCHINGUI"
"parish_170453","canton_1704","170453","TOCACHI"
"parish_170454","canton_1704","170454","TUPIGACHI"
"parish_170501","canton_1705","170501","SANGOLQUI"
"parish_170502","canton_1705","170502","SAN PEDRO DE TABOADA"
"parish_170503","canton_1705","170503","SAN RAFAEL"
"parish_170550","canton_1705","170550","SANGOLQUI"
"parish_170551","canton_1705","170551","COTOGCHOA"
"parish_170552","canton_1705","170552","RUMIPAMBA"
"parish_170750","canton_1707","170750","SAN MIGUEL DE LOS BANCOS"
"parish_170751","canton_1707","170751","MINDO"
"parish_170850","canton_1708","170850","PEDRO VICENTE MALDONADO"
"parish_170950","canton_1709","170950","PUERTO QUITO"
"parish_180101","canton_1801","180101","ATOCHA - FICOA"
"parish_180102","canton_1801","180102","CELIANO MONGE"
"parish_180103","canton_1801","180103","HUACHI CHICO"
"parish_180104","canton_1801","180104","HUACHI LORETO"
"parish_180105","canton_1801","180105","LA MERCED"
"parish_180106","canton_1801","180106","LA PENINSULA"
"parish_180107","canton_1801","180107","LA MATRIZ"
"parish_180108","canton_1801","180108","PISHILATA"
"parish_180109","canton_1801","180109","SAN FRANCISCO"
"parish_180150","canton_1801","180150","AMBATO"
"parish_180151","canton_1801","180151","AMBATILLO"
"parish_180152","canton_1801","180152","ATAHUALPA (CHISALATA)"
"parish_180153","canton_1801","180153","AUGUSTO N. MARTINEZ (MUNDUGLEO)"
"parish_180154","canton_1801","180154","CONSTANTINO FERNANDEZ"
"parish_180155","canton_1801","180155","HUACHI GRANDE"
"parish_180156","canton_1801","180156","IZAMBA"
"parish_180157","canton_1801","180157","JUAN BENIGNO VELA"
"parish_180158","canton_1801","180158","MONTALVO"
"parish_180159","canton_1801","180159","PASA"
"parish_180160","canton_1801","180160","PICAIGUA"
"parish_180161","canton_1801","180161","PILAGUIN (PILAHUIN)"
"parish_180162","canton_1801","180162","QUISAPINCHA (QUIZAPINCHA)"
"parish_180163","canton_1801","180163","SAN BARTOLOME DE PINLLOG"
"parish_180164","canton_1801","180164","SAN FERNANDO (PASA SAN FERNANDO)"
"parish_180165","canton_1801","180165","SANTA ROSA"
"parish_180166","canton_1801","180166","TOTORAS"
"parish_180167","canton_1801","180167","CUNCHIBAMBA"
"parish_180168","canton_1801","180168","UNAMUNCHO"
"parish_180250","canton_1802","180250","BAÑOS DE AGUA SANTA"
"parish_180251","canton_1802","180251","LLIGUA"
"parish_180252","canton_1802","180252","RIO NEGRO"
"parish_180253","canton_1802","180253","RIO VERDE"
"parish_180254","canton_1802","180254","ULBA"
"parish_180350","canton_1803","180350","CEVALLOS"
"parish_180450","canton_1804","180450","MOCHA"
"parish_180451","canton_1804","180451","PINGUILI"
"parish_180550","canton_1805","180550","PATATE"
"parish_180551","canton_1805","180551","EL TRIUNFO"
"parish_180552","canton_1805","180552","LOS ANDES"
"parish_180553","canton_1805","180553","SUCRE"
"parish_180650","canton_1806","180650","QUERO"
"parish_180651","canton_1806","180651","RUMIPAMBA"
"parish_180652","canton_1806","180652","YANAYACU - MOCHAPATA"
"parish_180701","canton_1807","180701","PELILEO"
"parish_180702","canton_1807","180702","PELILEO GRANDE"
"parish_180750","canton_1807","180750","PELILEO"
"parish_180751","canton_1807","180751","BENITEZ (PACHANLICA)"
"parish_180752","canton_1807","180752","BOLIVAR"
"parish_180753","canton_1807","180753","COTALO"
"parish_180754","canton_1807","180754","CHIQUICHA"
"parish_180755","canton_1807","180755","EL ROSARIO (RUMICHACA)"
"parish_180756","canton_1807","180756","GARCIA MORENO (CHUMAQUI)"
"parish_180757","canton_1807","180757","GUAMBALO (HUAMBALO)"
"parish_180758","canton_1807","180758","SALASACA"
"parish_180801","canton_1808","180801","CIUDAD NUEVA"
"parish_180802","canton_1808","180802","PILLARO"
"parish_180850","canton_1808","180850","PILLARO"
"parish_180851","canton_1808","180851","BAQUERIZO MORENO"
"parish_180852","canton_1808","180852","EMILIO MARIA TERAN (RUMIPAMBA)"
"parish_180853","canton_1808","180853","MARCOS ESPINEL (CHACATA)"
"parish_180854","canton_1808","180854","PRESIDENTE URBINA (CHAGRAPAMBA-PATZUCUL)"
"parish_180855","canton_1808","180855","SAN ANDRES"
"parish_180856","canton_1808","180856","SAN JOSE DE POALO"
"parish_180857","canton_1808","180857","SAN MIGUELITO"
"parish_180950","canton_1809","180950","TISALEO"
"parish_180951","canton_1809","180951","QUINCHICOTO"
"parish_190101","canton_1901","190101","LIMON"
"parish_190102","canton_1901","190102","ZAMORA"
"parish_190150","canton_1901","190150","ZAMORA"
"parish_190151","canton_1901","190151","CUMBARATZA"
"parish_190152","canton_1901","190152","GUADALUPE"
"parish_190153","canton_1901","190153","IMBANA (LA VICTORIA DE IMBANA)"
"parish_190155","canton_1901","190155","SABANILLA"
"parish_190156","canton_1901","190156","TIMBARA"
"parish_190158","canton_1901","190158","SAN CARLOS DE LAS MINAS"
"parish_190250","canton_1902","190250","ZUMBA"
"parish_190251","canton_1902","190251","CHITO"
"parish_190252","canton_1902","190252","EL CHORRO"
"parish_190254","canton_1902","190254","LA CHONTA"
"parish_190256","canton_1902","190256","PUCAPAMBA"
"parish_190259","canton_1902","190259","SAN ANDRÉS"
"parish_190350","canton_1903","190350","GUAYZIMI"
"parish_190351","canton_1903","190351","ZURMI"
"parish_190450","canton_1904","190450","28 DE MAYO (SAN JOSE DE YACUAMBI)"
"parish_190451","canton_1904","190451","LA PAZ"
"parish_190452","canton_1904","190452","TUTUPALI"
"parish_190550","canton_1905","190550","YANZATZA"
"parish_190551","canton_1905","190551","CHICAÑA"
"parish_190553","canton_1905","190553","LOS ENCUENTROS"
"parish_190650","canton_1906","190650","EL PANGUI"
"parish_190651","canton_1906","190651","EL GUISMI"
"parish_190652","canton_1906","190652","PACHICUTZA"
"parish_190653","canton_1906","190653","TUNDAYME"
"parish_190750","canton_1907","190750","ZUMBI"
"parish_190850","canton_1908","190850","PALANDA"
"parish_190851","canton_1908","190851","EL PORVENIR DEL CARMEN"
"parish_190852","canton_1908","190852","SAN FRANCISCO DE VERGEL"
"parish_190853","canton_1908","190853","VALLADOLID"
"parish_190950","canton_1909","190950","PAQUISHA"
"parish_190951","canton_1909","190951","BELLAVISTA"
"parish_190952","canton_1909","190952","NUEVO QUITO"
"parish_200150","canton_2001","200150","PUERTO BAQUERIZO MORENO"
"parish_200151","canton_2001","200151","EL PROGRESO"
"parish_200152","canton_2001","200152","ISLA SANTA MARIA (FLOREANA)"
"parish_200250","canton_2002","200250","PUERTO VILLAMIL"
"parish_200251","canton_2002","200251","TOMAS DE BERLANGA (SANTO TOMAS)"
"parish_200350","canton_2003","200350","PUERTO AYORA"
"parish_200351","canton_2003","200351","BELLAVISTA"
"parish_200352","canton_2003","200352","SANTA ROSA"
"parish_210150","canton_2101","210150","NUEVA LOJA"
"parish_210152","canton_2101","210152","DURENO"
"parish_210153","canton_2101","210153","GENERAL FARFAN"
"parish_210155","canton_2101","210155","EL ENO"
"parish_210156","canton_2101","210156","PACAYACU"
"parish_210157","canton_2101","210157","JAMBELI"
"parish_210158","canton_2101","210158","SANTA CECILIA"
"parish_210250","canton_2102","210250","EL DORADO DE CASCALES (LUMBAQUI)"
"parish_210251","canton_2102","210251","EL REVENTADOR"
"parish_210252","canton_2102","210252","GONZALO PIZARRO"
"parish_210254","canton_2102","210254","PUERTO LIBRE"
"parish_210350","canton_2103","210350","PUERTO EL CARMEN DEL PUTUMAYO"
"parish_210351","canton_2103","210351","PALMA ROJA"
"parish_210352","canton_2103","210352","PUERTO BOLIVAR (PUERTO MONTUFAR)"
"parish_210353","canton_2103","210353","PUERTO RODRIGUEZ"
"parish_210354","canton_2103","210354","SANTA ELENA"
"parish_210450","canton_2104","210450","SHUSHUFINDI"
"parish_210451","canton_2104","210451","LIMONCOCHA"
"parish_210452","canton_2104","210452","PAÑACOCHA"
"parish_210453","canton_2104","210453","SAN ROQUE"
"parish_210454","canton_2104","210454","SAN PEDRO DE LOS COFANES"
"parish_210455","canton_2104","210455","SIETE DE JULIO"
"parish_210550","canton_2105","210550","LA BONITA"
"parish_210551","canton_2105","210551","EL PLAYON DE SAN FRANCISCO"
"parish_210552","canton_2105","210552","LA SOFIA"
"parish_210553","canton_2105","210553","ROSA FLORIDA"
"parish_210554","canton_2105","210554","SANTA BARBARA"
"parish_210650","canton_2106","210650","EL DORADO DE CASCALES"
"parish_210651","canton_2106","210651","SANTA ROSA DE SUCUMBIOS"
"parish_210652","canton_2106","210652","SEVILLA"
"parish_210750","canton_2107","210750","TARAPOA"
"parish_210751","canton_2107","210751","CUYABENO"
"parish_210752","canton_2107","210752","AGUAS NEGRAS"
"parish_220150","canton_2201","220150","PUERTO FRANCISCO DE ORELLANA (COCA)"
"parish_220151","canton_2201","220151","ALEJANDRO LABACA"
"parish_220152","canton_2201","220152","DAYUMA"
"parish_220153","canton_2201","220153","EL DORADO"
"parish_220154","canton_2201","220154","EL EDEN"
"parish_220155","canton_2201","220155","GARCIA MORENO"
"parish_220156","canton_2201","220156","INES ARANGO"
"parish_220157","canton_2201","220157","LA BELLEZA"
"parish_220158","canton_2201","220158","NUEVO PARAISO"
"parish_220159","canton_2201","220159","SAN JOSE DE GUAYUSA"
"parish_220160","canton_2201","220160","SAN LUIS DE ARMENIA"
"parish_220161","canton_2201","220161","TARACOA"
"parish_220250","canton_2202","220250","NUEVO ROCAFUERTE"
"parish_220251","canton_2202","220251","CAPITAN AUGUSTO RIVADENEIRA"
"parish_220252","canton_2202","220252","CONONACO"
"parish_220253","canton_2202","220253","SANTA MARIA DE HUIRIRIMA"
"parish_220254","canton_2202","220254","TIPUTINI"
"parish_220255","canton_2202","220255","YASUNI"
"parish_220350","canton_2203","220350","LA JOYA DE LOS SACHAS"
"parish_220351","canton_2203","220351","ENOKANQUI"
"parish_220352","canton_2203","220352","LAGO SAN PEDRO"
"parish_220353","canton_2203","220353","POMPEYA"
"parish_220354","canton_2203","220354","RUMIPAMBA"
"parish_220355","canton_2203","220355","SAN CARLOS"
"parish_220356","canton_2203","220356","SAN SEBASTIAN DEL COCA"
"parish_220357","canton_2203","220357","TRES DE NOVIEMBRE"
"parish_220358","canton_2203","220358","UNION MILAGREÑA"
"parish_220450","canton_2204","220450","LORETO"
"parish_220451","canton_2204","220451","AVILA"
"parish_220452","canton_2204","220452","PUERTO MURIALDO"
"parish_220453","canton_2204","220453","SAN JOSE DEL PAYAMINO"
"parish_220454","canton_2204","220454","SAN JOSE DE DAHUANO"
"parish_220455","canton_2204","220455","SAN VICENTE DE HUATICOCHA"
"parish_230101","canton_2301","230101","ABRAHAM CALAZACÓN"
"parish_230102","canton_2301","230102","BOMBOLI"
"parish_230103","canton_2301","230103","CHIGUILPE"
"parish_230104","canton_2301","230104","RÍO TOACHI"
"parish_230105","canton_2301","230105","RÍO VERDE"
"parish_230106","canton_2301","230106","SANTO DOMINGO DE LOS COLORADOS"
"parish_230107","canton_2301","230107","ZARACAY"
"parish_230150","canton_2301","230150","SANTO DOMINGO"
"parish_230151","canton_2301","230151","ALLURIQUÍN"
"parish_230152","canton_2301","230152","PUERTO LIMÓN"
"parish_230153","canton_2301","230153","LUZ DE AMÉRICA"
"parish_230154","canton_2301","230154","SAN JACINTO DEL BUA"
"parish_230155","canton_2301","230155","VALLE HERMOSO"
"parish_230156","canton_2301","230156","EL ESFUERZO"
"parish_230157","canton_2301","230157","SANTA MARÍA DEL TOACHI"
"parish_230250","canton_2302","230250","LA CONCORDIA"
"parish_230251","canton_2302","230251","MONTERREY"
"parish_230252","canton_2302","230252","LAS VILLEGAS"
"parish_230253","canton_2302","230253","PLAN PILOTO"
"parish_240101","canton_2401","240101","BALLENITA"
"parish_240102","canton_2401","240102","SANTA ELENA"
"parish_240150","canton_2401","240150","SANTA ELENA"
"parish_240151","canton_2401","240151","ATAHUALPA"
"parish_240152","canton_2401","240152","COLONCHE"
"parish_240153","canton_2401","240153","CHANDUY"
"parish_240154","canton_2401","240154","MANGLARALTO"
"parish_240155","canton_2401","240155","SIMÓN BOLÍVAR (JULIO MORENO)"
"parish_240156","canton_2401","240156","SAN JOSÉ DE ANCÓN"
"parish_240250","canton_2402","240250","LA LIBERTAD"
"parish_240301","canton_2403","240301","CARLOS ESPINOZA LARREA"
"parish_240302","canton_2403","240302","GRAL ALBERTO ENRIQUEZ GALLO"
"parish_240303","canton_2403","240303","VICENTE ROCAFUERTE"
"parish_240304","canton_2403","240304","SANTA ROSA"
"parish_240350","canton_2403","240350","SALINAS"
"parish_240351","canton_2403","240351","ANCONCITO"
"parish_240352","canton_2403","240352","JOSÉ LUIS TAMAYO"
